"","Sector","Ticker","Company","Market Capitalization","PE Ratio","market_cap","cap_category"
"1","Commercial Services","SPGI","S&P Global Inc.",111125098275.5,40.7,111125098275.5,"Large Cap"
"2","Commercial Services","MCO","Moody’s Corporation",71309376207.33,35,71309376207.33,"Large Cap"
"3","Commercial Services","CPRT","Copart, Inc.",34854843266.37,36.6,34854843266.37,"Large Cap"
"4","Commercial Services","EFX","Equifax, Inc.",34648432194.28,51.9,34648432194.28,"Large Cap"
"5","Commercial Services","FLT","FleetCor Technologies, Inc.",18765806553.47,23.1,18765806553.47,"Large Cap"
"6","Commercial Services","CRL","Charles River Laboratories International, Inc.",18273662894.1,48.7,18273662894.1,"Large Cap"
"7","Commercial Services","OMC","Omnicom Group Inc.",15705948134.78,11.4,15705948134.78,"Large Cap"
"8","Commercial Services","IPG","Interpublic Group of Companies, Inc. (The)",14819801161.35,21.1,14819801161.35,"Large Cap"
"9","Commercial Services","RHI","Robert Half International Inc.",12185090044.53,23.8,12185090044.53,"Large Cap"
"10","Commercial Services","NLSN","Nielsen N.V.",7574271691.93,29.6,7574271691.93,"Mid Cap"
"11","Communications","VZ","Verizon Communications Inc.",217110199611.98,9.8,217110199611.98,"Large Cap"
"12","Communications","T","AT&T Inc.",181595632815.91,202.5,181595632815.91,"Large Cap"
"13","Communications","TMUS","T-Mobile US, Inc.",142929192342.43,43.4,142929192342.43,"Large Cap"
"14","Communications","LUMN","Lumen Technologies, Inc.",13003456094.1,NA,13003456094.1,"Large Cap"
"15","Consumer Durables","TSLA","Tesla, Inc.",1204896966220.99,342.2,1204896966220.99,"Large Cap"
"16","Consumer Durables","GM","General Motors Company",88810291856.1,7.8,88810291856.1,"Large Cap"
"17","Consumer Durables","F","Ford Motor Company",86998178943.37,28.7,86998178943.37,"Large Cap"
"18","Consumer Durables","ATVI","Activision Blizzard, Inc",52512665064.61,19.7,52512665064.61,"Large Cap"
"19","Consumer Durables","EA","Electronic Arts Inc.",38164960303.93,48.6,38164960303.93,"Large Cap"
"20","Consumer Durables","DHI","D.R. Horton, Inc.",37491652739.18,9.5,37491652739.18,"Large Cap"
"21","Consumer Durables","SWK","Stanley Black & Decker, Inc.",30312765508.91,16.9,30312765508.91,"Large Cap"
"22","Consumer Durables","TTWO","Take-Two Interactive Software, Inc.",20593695531.3,36.7,20593695531.3,"Large Cap"
"23","Consumer Durables","NVR","NVR, Inc.",20050210153.24,19.1,20050210153.24,"Large Cap"
"24","Consumer Durables","LKQ","LKQ Corporation",17128405481.11,17.4,17128405481.11,"Large Cap"
"25","Consumer Durables","PHM","PulteGroup, Inc.",14201184132.96,8.8,14201184132.96,"Large Cap"
"26","Consumer Durables","WHR","Whirlpool Corporation",14134916744.12,7.5,14134916744.12,"Large Cap"
"27","Consumer Durables","HAS","Hasbro, Inc.",14094034544.13,31.1,14094034544.13,"Large Cap"
"28","Consumer Durables","MHK","Mohawk Industries, Inc.",12460724730.35,11.7,12460724730.35,"Large Cap"
"29","Consumer Durables","SNA","Snap-On Incorporated",11420081543.96,14.7,11420081543.96,"Large Cap"
"30","Consumer Non-Durables","PG","Procter & Gamble Company (The)",394209493523.92,29.9,394209493523.92,"Large Cap"
"31","Consumer Non-Durables","NKE","Nike, Inc.",260640746546.67,43.7,260640746546.67,"Large Cap"
"32","Consumer Non-Durables","KO","Coca-Cola Company (The)",256175996038.99,29.1,256175996038.99,"Large Cap"
"33","Consumer Non-Durables","PEP","PepsiCo, Inc.",239171317244.49,29.6,239171317244.49,"Large Cap"
"34","Consumer Non-Durables","PM","Philip Morris International Inc",149035109662.8,16.5,149035109662.8,"Large Cap"
"35","Consumer Non-Durables","EL","Estee Lauder Companies, Inc. (The)",133284920395.43,44.9,133284920395.43,"Large Cap"
"36","Consumer Non-Durables","MDLZ","Mondelez International, Inc.",92026310532.35,21.2,92026310532.35,"Large Cap"
"37","Consumer Non-Durables","MO","Altria Group, Inc.",88120355995.41,32,88120355995.41,"Large Cap"
"38","Consumer Non-Durables","CL","Colgate-Palmolive Company",71296567952.74,27.3,71296567952.74,"Large Cap"
"39","Consumer Non-Durables","MNST","Monster Beverage Corporation",51083089116.08,33.6,51083089116.08,"Large Cap"
"40","Consumer Non-Durables","KMB","Kimberly-Clark Corporation",47958559724.51,24.3,47958559724.51,"Large Cap"
"41","Consumer Non-Durables","STZ","Constellation Brands, Inc.",47552325752.99,84.8,47552325752.99,"Large Cap"
"42","Consumer Non-Durables","KHC","The Kraft Heinz Company",44236897124.8,19.2,44236897124.8,"Large Cap"
"43","Consumer Non-Durables","GIS","General Mills, Inc.",40571678637.15,18.6,40571678637.15,"Large Cap"
"44","Consumer Non-Durables","HSY","The Hershey Company",39808900352.48,28.1,39808900352.48,"Large Cap"
"45","Consumer Non-Durables","IFF","International Flavors & Fragrances, Inc.",37958046665.26,123,37958046665.26,"Large Cap"
"46","Consumer Non-Durables","BF.B","Brown Forman Inc",33440414372.95,45.7,33440414372.95,"Large Cap"
"47","Consumer Non-Durables","TSN","Tyson Foods, Inc.",31413099631.95,10.3,31413099631.95,"Large Cap"
"48","Consumer Non-Durables","VFC","V.F. Corporation",28951982901.13,23.5,28951982901.13,"Large Cap"
"49","Consumer Non-Durables","HRL","Hormel Foods Corporation",26656462210.69,29.4,26656462210.69,"Large Cap"
"50","Consumer Non-Durables","MKC","McCormick & Company, Incorporated",25577563115.03,34.4,25577563115.03,"Large Cap"
"51","Consumer Non-Durables","CHD","Church & Dwight Company, Inc.",24832329818.64,31.3,24832329818.64,"Large Cap"
"52","Consumer Non-Durables","K","Kellogg Company",22063822254.19,17.6,22063822254.19,"Large Cap"
"53","Consumer Non-Durables","CLX","Clorox Company (The)",21492383110.84,50.5,21492383110.84,"Large Cap"
"54","Consumer Non-Durables","CAG","ConAgra Brands, Inc.",16338234937.08,13.8,16338234937.08,"Large Cap"
"55","Consumer Non-Durables","SJM","J.M. Smucker Company (The) New",14824089324.54,19.4,14824089324.54,"Large Cap"
"56","Consumer Non-Durables","CPB","Campbell Soup Company",13198014790.89,13.9,13198014790.89,"Large Cap"
"57","Consumer Non-Durables","TAP","Molson Coors Beverage Company",10302980466.51,NA,10302980466.51,"Large Cap"
"58","Consumer Non-Durables","LW","Lamb Weston Holdings, Inc.",9336692615.12,36.1,9336692615.12,"Mid Cap"
"59","Consumer Non-Durables","UAA","Under Armour, Inc.",9313776740.49,22.5,9313776740.49,"Mid Cap"
"60","Consumer Non-Durables","UA","Under Armour, Inc.",9307303735.46,19.2,9307303735.46,"Mid Cap"
"61","Consumer Non-Durables","PVH","PVH Corp.",7563182425.21,15.3,7563182425.21,"Mid Cap"
"62","Consumer Services","DIS","Walt Disney Company (The)",284935754355.56,142,284935754355.56,"Large Cap"
"63","Consumer Services","CMCSA","Comcast Corporation",231827155904.31,16.2,231827155904.31,"Large Cap"
"64","Consumer Services","MCD","McDonald’s Corporation",200695181021.82,27.7,200695181021.82,"Large Cap"
"65","Consumer Services","SBUX","Starbucks Corporation",136888971731.61,33,136888971731.61,"Large Cap"
"66","Consumer Services","CHTR","Charter Communications, Inc.",116105310853.44,30.4,116105310853.44,"Large Cap"
"67","Consumer Services","BKNG","Booking Holdings Inc. Common Stock",101074480437.11,261.9,101074480437.11,"Large Cap"
"68","Consumer Services","MAR","Marriott International",53382719592.32,116.9,53382719592.32,"Large Cap"
"69","Consumer Services","CMG","Chipotle Mexican Grill, Inc.",47567687697.08,70.2,47567687697.08,"Large Cap"
"70","Consumer Services","CTAS","Cintas Corporation",43963052139.69,41.4,43963052139.69,"Large Cap"
"71","Consumer Services","HLT","Hilton Worldwide Holdings Inc.",43056926594.85,1238,43056926594.85,"Large Cap"
"72","Consumer Services","YUM","Yum! Brands, Inc.",40021460565.91,26.8,40021460565.91,"Large Cap"
"73","Consumer Services","LVS","Las Vegas Sands Corp.",29681001154.79,NA,29681001154.79,"Large Cap"
"74","Consumer Services","EXPE","Expedia Group, Inc.",28028066448.21,NA,28028066448.21,"Large Cap"
"75","Consumer Services","LYV","Live Nation Entertainment, Inc.",26826308998.35,NA,26826308998.35,"Large Cap"
"76","Consumer Services","MGM","MGM Resorts International",21328293979.01,34.5,21328293979.01,"Large Cap"
"77","Consumer Services","VIAC","ViacomCBS Inc.",21011342171.29,5.9,21011342171.29,"Large Cap"
"78","Consumer Services","FOX","Fox Corporation",20790031973.13,11.5,20790031973.13,"Large Cap"
"79","Consumer Services","FOXA","Fox Corporation",20770577311.57,12.4,20770577311.57,"Large Cap"
"80","Consumer Services","RCL","D/B/A Royal Caribbean Cruises Ltd.",20594663231.79,NA,20594663231.79,"Large Cap"
"81","Consumer Services","DPZ","Domino’s Pizza Inc",20131657583.82,42.9,20131657583.82,"Large Cap"
"82","Consumer Services","CZR","Caesars Entertainment, Inc.",19981459992.3,NA,19981459992.3,"Large Cap"
"83","Consumer Services","DRI","Darden Restaurants, Inc.",19309412766.17,21.5,19309412766.17,"Large Cap"
"84","Consumer Services","DISH","DISH Network Corporation",17603493712.08,7.8,17603493712.08,"Large Cap"
"85","Consumer Services","ROL","Rollins, Inc.",16532835055.95,48.4,16532835055.95,"Large Cap"
"86","Consumer Services","NWSA","News Corporation",13533762277.95,26.9,13533762277.95,"Large Cap"
"87","Consumer Services","NWS","News Corporation",13484305566.41,27.2,13484305566.41,"Large Cap"
"88","Consumer Services","DISCA","Discovery, Inc. – Series A",12629738909.73,12.6,12629738909.73,"Large Cap"
"89","Consumer Services","DISCK","Discovery, Inc. – Series C",12603428087.69,12.3,12603428087.69,"Large Cap"
"90","Consumer Services","WYNN","Wynn Resorts, Limited",10151293811.78,NA,10151293811.78,"Large Cap"
"91","Consumer Services","NCLH","Norwegian Cruise Line Holdings Ltd.",9246662389.05,NA,9246662389.05,"Mid Cap"
"92","Consumer Services","PENN","Penn National Gaming, Inc.",8584209180.84,23.2,8584209180.84,"Mid Cap"
"93","Distribution Services","SYY","Sysco Corporation",40474222147.8,59.1,40474222147.8,"Large Cap"
"94","Distribution Services","MCK","McKesson Corporation",37880448654.78,NA,37880448654.78,"Large Cap"
"95","Distribution Services","FAST","Fastenal Company",35648625623.06,41.5,35648625623.06,"Large Cap"
"96","Distribution Services","ABC","AmerisourceBergen Corporation",27602646317.57,18,27602646317.57,"Large Cap"
"97","Distribution Services","GWW","W.W. Grainger, Inc.",26285527093.09,29.4,26285527093.09,"Large Cap"
"98","Distribution Services","POOL","Pool Corporation",22058407994.87,38.3,22058407994.87,"Large Cap"
"99","Distribution Services","GPC","Genuine Parts Company",19644231953.89,24.9,19644231953.89,"Large Cap"
"100","Distribution Services","CAH","Cardinal Health, Inc.",14655794065.86,13.3,14655794065.86,"Large Cap"
"101","Distribution Services","HSIC","Henry Schein, Inc.",10737559239.42,17.9,10737559239.42,"Large Cap"
"102","Electronic Technology","AAPL","Apple Inc.",2986128347290.24,31.7,2986128347290.24,"Large Cap"
"103","Electronic Technology","NVDA","NVIDIA Corporation",753024962494.95,90.7,753024962494.95,"Large Cap"
"104","Electronic Technology","AVGO","Broadcom Inc.",273867545687.41,44.4,273867545687.41,"Large Cap"
"105","Electronic Technology","INTC","Intel Corporation",216405070000,10,216405070000,"Large Cap"
"106","Electronic Technology","QCOM","QUALCOMM Incorporated",208555194431.11,23.2,208555194431.11,"Large Cap"
"107","Electronic Technology","AMD","Advanced Micro Devices, Inc.",181431389863.09,44.5,181431389863.09,"Large Cap"
"108","Electronic Technology","TXN","Texas Instruments Incorporated",176024068559.83,24.2,176024068559.83,"Large Cap"
"109","Electronic Technology","RTX","Raytheon Technologies Corporation",130174753742.42,39.2,130174753742.42,"Large Cap"
"110","Electronic Technology","BA","Boeing Company (The)",122159176740.63,NA,122159176740.63,"Large Cap"
"111","Electronic Technology","MU","Micron Technology, Inc.",107256260088.2,14.4,107256260088.2,"Large Cap"
"112","Electronic Technology","LRCX","Lam Research Corporation",102143832762.37,24.3,102143832762.37,"Large Cap"
"113","Electronic Technology","LMT","Lockheed Martin Corporation",97727683172.13,16.4,97727683172.13,"Large Cap"
"114","Electronic Technology","ADI","Analog Devices, Inc.",93062333725.72,47.7,93062333725.72,"Large Cap"
"115","Electronic Technology","KLAC","KLA Corporation",65969290798.36,24.3,65969290798.36,"Large Cap"
"116","Electronic Technology","NXPI","NXP Semiconductors N.V.",61489087598.82,40.2,61489087598.82,"Large Cap"
"117","Electronic Technology","NOC","Northrop Grumman Corporation",61121018829.49,13.6,61121018829.49,"Large Cap"
"118","Electronic Technology","GD","General Dynamics Corporation",57927570591.6,17.9,57927570591.6,"Large Cap"
"119","Electronic Technology","XLNX","Xilinx, Inc.",54848499524.68,66.1,54848499524.68,"Large Cap"
"120","Electronic Technology","FTNT","Fortinet, Inc.",54465052995.98,108.1,54465052995.98,"Large Cap"
"121","Electronic Technology","TEL","TE Connectivity Ltd. New Switzerland Registered Shares",52536448880.99,23.7,52536448880.99,"Large Cap"
"122","Electronic Technology","APH","Amphenol Corporation",51729406929.26,36.8,51729406929.26,"Large Cap"
"123","Electronic Technology","MCHP","Microchip Technology Incorporated",48828617282.89,75.9,48828617282.89,"Large Cap"
"124","Electronic Technology","MSI","Motorola Solutions, Inc.",45168258169.09,37.5,45168258169.09,"Large Cap"
"125","Electronic Technology","ANET","Arista Networks, Inc.",43708019243.22,58.4,43708019243.22,"Large Cap"
"126","Electronic Technology","LHX","L3Harris Technologies, Inc.",41515422459.9,28.2,41515422459.9,"Large Cap"
"127","Electronic Technology","HPQ","HP Inc.",41165108748.54,6.9,41165108748.54,"Large Cap"
"128","Electronic Technology","KEYS","Keysight Technologies Inc.",37095388104.94,43.1,37095388104.94,"Large Cap"
"129","Electronic Technology","TDG","Transdigm Group Inc.",35447144260.77,61.4,35447144260.77,"Large Cap"
"130","Electronic Technology","GLW","Corning Incorporated",31738259763.53,38.9,31738259763.53,"Large Cap"
"131","Electronic Technology","ZBRA","Zebra Technologies Corporation",31204488979.55,38,31204488979.55,"Large Cap"
"132","Electronic Technology","TER","Teradyne, Inc.",27076652169.65,30.8,27076652169.65,"Large Cap"
"133","Electronic Technology","SWKS","Skyworks Solutions, Inc.",26425575150.02,17.3,26425575150.02,"Large Cap"
"134","Electronic Technology","FTV","Fortive Corporation",26380559295.4,17,26380559295.4,"Large Cap"
"135","Electronic Technology","GRMN","Garmin Ltd.",25684609699.53,23.2,25684609699.53,"Large Cap"
"136","Electronic Technology","STX","Seagate Technology Holdings PLC",25193483781.49,16.5,25193483781.49,"Large Cap"
"137","Electronic Technology","ENPH","Enphase Energy, Inc.",24884603639.82,159.1,24884603639.82,"Large Cap"
"138","Electronic Technology","MPWR","Monolithic Power Systems, Inc.",22809119688.82,111,22809119688.82,"Large Cap"
"139","Electronic Technology","TRMB","Trimble Inc.",21757408056.33,39.7,21757408056.33,"Large Cap"
"140","Electronic Technology","HPE","Hewlett Packard Enterprise Company",20876119290.05,6.1,20876119290.05,"Large Cap"
"141","Electronic Technology","TDY","Teledyne Technologies Incorporated",20629519092.33,43.7,20629519092.33,"Large Cap"
"142","Electronic Technology","WDC","Western Digital Corporation",20545297131.73,13.8,20545297131.73,"Large Cap"
"143","Electronic Technology","NTAP","NetApp, Inc.",20536239966.13,22.3,20536239966.13,"Large Cap"
"144","Electronic Technology","QRVO","Qorvo, Inc.",17572889244.2,16.2,17572889244.2,"Large Cap"
"145","Electronic Technology","TXT","Textron Inc.",16827260376.15,22.7,16827260376.15,"Large Cap"
"146","Electronic Technology","FFIV","F5, Inc.",14863433707.37,45.6,14863433707.37,"Large Cap"
"147","Electronic Technology","HWM","Howmet Aerospace Inc.",13811956501.76,49.2,13811956501.76,"Large Cap"
"148","Electronic Technology","IPGP","IPG Photonics Corporation",9265612395.81,35.4,9265612395.81,"Mid Cap"
"149","Electronic Technology","HII","Huntington Ingalls Industries, Inc.",7452948103.27,11.2,7452948103.27,"Mid Cap"
"150","Energy Minerals","XOM","Exxon Mobil Corporation",269000834440.85,NA,269000834440.85,"Large Cap"
"151","Energy Minerals","CVX","Chevron Corporation",229895819005.12,22.8,229895819005.12,"Large Cap"
"152","Energy Minerals","COP","ConocoPhillips",97298713180.93,21.5,97298713180.93,"Large Cap"
"153","Energy Minerals","EOG","EOG Resources, Inc.",53336807947.68,17.2,53336807947.68,"Large Cap"
"154","Energy Minerals","PXD","Pioneer Natural Resources Company",45626147952.36,32.9,45626147952.36,"Large Cap"
"155","Energy Minerals","MPC","Marathon Petroleum Corporation",40419489935.51,36.3,40419489935.51,"Large Cap"
"156","Energy Minerals","PSX","Phillips 66",33187017200.78,NA,33187017200.78,"Large Cap"
"157","Energy Minerals","VLO","Valero Energy Corporation",31537580933.35,NA,31537580933.35,"Large Cap"
"158","Energy Minerals","DVN","Devon Energy Corporation",30850889465.16,26.4,30850889465.16,"Large Cap"
"159","Energy Minerals","OXY","Occidental Petroleum Corporation",29009450192.14,NA,29009450192.14,"Large Cap"
"160","Energy Minerals","HES","Hess Corporation",23783928119.91,116.7,23783928119.91,"Large Cap"
"161","Energy Minerals","FANG","Diamondback Energy, Inc. – Commmon Stock",20262560858.48,55.9,20262560858.48,"Large Cap"
"162","Energy Minerals","CTRA","Coterra Energy Inc.",15921714350.94,21.7,15921714350.94,"Large Cap"
"163","Energy Minerals","MRO","Marathon Oil Corporation",13133916978,NA,13133916978,"Large Cap"
"164","Energy Minerals","APA","APA Corporation",10193475545.26,17,10193475545.26,"Large Cap"
"165","Finance","BRK.B","Berkshire Hathaway Inc. New",673127852286.11,8,673127852286.11,"Large Cap"
"166","Finance","JPM","JP Morgan Chase & Co.",477866548937.1,10,477866548937.1,"Large Cap"
"167","Finance","V","Visa Inc.",466383592163.84,39.5,466383592163.84,"Large Cap"
"168","Finance","BAC","Bank of America Corporation",377941012657.41,13.3,377941012657.41,"Large Cap"
"169","Finance","MA","Mastercard Incorporated",364479675124.09,44.2,364479675124.09,"Large Cap"
"170","Finance","WFC","Wells Fargo & Company",202272298831.52,11.3,202272298831.52,"Large Cap"
"171","Finance","MS","Morgan Stanley",179782143715.12,12.5,179782143715.12,"Large Cap"
"172","Finance","SCHW","Charles Schwab Corporation (The)",161915096376.25,32,161915096376.25,"Large Cap"
"173","Finance","BLK","BlackRock, Inc.",138507445860.18,24.3,138507445860.18,"Large Cap"
"174","Finance","AMT","American Tower Corporation (REIT)",133208506165,53.2,133208506165,"Large Cap"
"175","Finance","GS","Goldman Sachs Group, Inc. (The)",132353700112.08,6.3,132353700112.08,"Large Cap"
"176","Finance","AXP","American Express Company",130288023378.9,17.1,130288023378.9,"Large Cap"
"177","Finance","PLD","Prologis, Inc.",128085935864,65.5,128085935864,"Large Cap"
"178","Finance","C","Citigroup, Inc.",125207259805.92,5.6,125207259805.92,"Large Cap"
"179","Finance","CCI","Crown Castle International Corp. (REIT)",90218108168,68.9,90218108168,"Large Cap"
"180","Finance","PNC","PNC Financial Services Group, Inc. (The)",88002270938.75,15.3,88002270938.75,"Large Cap"
"181","Finance","USB","U.S. Bancorp",84919816209,11.3,84919816209,"Large Cap"
"182","Finance","MMC","Marsh & McLennan Companies, Inc.",84433658915.75,32.9,84433658915.75,"Large Cap"
"183","Finance","CB","Chubb Limited",82461108064.59,9.8,82461108064.59,"Large Cap"
"184","Finance","CME","CME Group Inc.",81030165556.27,33.7,81030165556.27,"Large Cap"
"185","Finance","EQIX","Equinix, Inc.",76160456406,178.1,76160456406,"Large Cap"
"186","Finance","ICE","Intercontinental Exchange Inc.",75468007924.18,25.3,75468007924.18,"Large Cap"
"187","Finance","PSA","Public Storage",65680806742,44.8,65680806742,"Large Cap"
"188","Finance","AON","Aon plc",64610276181,76.3,64610276181,"Large Cap"
"189","Finance","COF","Capital One Financial Corporation",63136776316.6,5.4,63136776316.6,"Large Cap"
"190","Finance","PGR","Progressive Corporation (The)",59547599640.29,14.9,59547599640.29,"Large Cap"
"191","Finance","MET","MetLife, Inc.",53186561967.51,10.3,53186561967.51,"Large Cap"
"192","Finance","SPG","Simon Property Group, Inc.",52502204044,28.6,52502204044,"Large Cap"
"193","Finance","DLR","Digital Realty Trust, Inc.",50193489421,74.7,50193489421,"Large Cap"
"194","Finance","BK","The Bank of New York Mellon Corporation",48318790861.51,14.8,48318790861.51,"Large Cap"
"195","Finance","AIG","American International Group, Inc. New",47650780201.66,8.9,47650780201.66,"Large Cap"
"196","Finance","TROW","T. Rowe Price Group, Inc.",43732116141.32,14.8,43732116141.32,"Large Cap"
"197","Finance","SBAC","SBA Communications Corporation",42318122232,147.8,42318122232,"Large Cap"
"198","Finance","PRU","Prudential Financial, Inc.",41549759180.47,5.9,41549759180.47,"Large Cap"
"199","Finance","O","Realty Income Corporation",40502630312,56.4,40502630312,"Large Cap"
"200","Finance","SIVB","SVB Financial Group",40386900164.09,20.7,40386900164.09,"Large Cap"
"201","Finance","AFL","AFLAC Incorporated",38547251264.72,9.5,38547251264.72,"Large Cap"
"202","Finance","TRV","The Travelers Companies, Inc.",38315850466.9,10.9,38315850466.9,"Large Cap"
"203","Finance","WELL","Welltower Inc.",37333495503,1374.5,37333495503,"Large Cap"
"204","Finance","CBRE","CBRE Group Inc",36368140052.14,25.3,36368140052.14,"Large Cap"
"205","Finance","AVB","AvalonBay Communities, Inc.",35297158729,34.9,35297158729,"Large Cap"
"206","Finance","FRC","FIRST REPUBLIC BANK",34881801059.79,28.5,34881801059.79,"Large Cap"
"207","Finance","DFS","Discover Financial Services",34770505608.39,6.9,34770505608.39,"Large Cap"
"208","Finance","AJG","Arthur J. Gallagher & Co.",34555314986.98,36.7,34555314986.98,"Large Cap"
"209","Finance","ARE","Alexandria Real Estate Equities, Inc.",34550850334,33.9,34550850334,"Large Cap"
"210","Finance","STT","State Street Corporation",34533676136.31,13.7,34533676136.31,"Large Cap"
"211","Finance","AMP","Ameriprise Financial, Inc.",34043598237.71,16.3,34043598237.71,"Large Cap"
"212","Finance","EQR","Equity Residential",33938966537,33.5,33938966537,"Large Cap"
"213","Finance","ALL","Allstate Corporation (The)",33905173963.05,5.1,33905173963.05,"Large Cap"
"214","Finance","NDAQ","Nasdaq, Inc.",33855765259.1,30.6,33855765259.1,"Large Cap"
"215","Finance","WY","Weyerhaeuser Company",30845672625,12.5,30845672625,"Large Cap"
"216","Finance","FITB","Fifth Third Bancorp",30543439137.71,12,30543439137.71,"Large Cap"
"217","Finance","EXR","Extra Space Storage Inc",30357287225,42,30357287225,"Large Cap"
"218","Finance","WLTW","Willis Towers Watson Public Limited Company",29353458327.3,13.4,29353458327.3,"Large Cap"
"219","Finance","MAA","Mid-America Apartment Communities, Inc.",26417336634,61.6,26417336634,"Large Cap"
"220","Finance","SYF","Synchrony Financial",25721182828.56,6.5,25721182828.56,"Large Cap"
"221","Finance","DRE","Duke Realty Corporation",25245492398,27.1,25245492398,"Large Cap"
"222","Finance","NTRS","Northern Trust Corporation",25064682283.24,18.8,25064682283.24,"Large Cap"
"223","Finance","URI","United Rentals, Inc.",23936498157.43,20.1,23936498157.43,"Large Cap"
"224","Finance","HIG","Hartford Financial Services Group, Inc. (The)",23657960457.41,11.5,23657960457.41,"Large Cap"
"225","Finance","ESS","Essex Property Trust, Inc.",22925886932,51.3,22925886932,"Large Cap"
"226","Finance","RF","Regions Financial Corporation",21610917005.8,8.2,21610917005.8,"Large Cap"
"227","Finance","RJF","Raymond James Financial, Inc.",21323227071.39,15.1,21323227071.39,"Large Cap"
"228","Finance","VTR","Ventas, Inc.",20988639739,97.3,20988639739,"Large Cap"
"229","Finance","CFG","Citizens Financial Group, Inc.",20943446104.88,9.5,20943446104.88,"Large Cap"
"230","Finance","MTB","M&T Bank Corporation",20366815329.12,11,20366815329.12,"Large Cap"
"231","Finance","PEAK","Healthpeak Properties, Inc.",19455118149,31.4,19455118149,"Large Cap"
"232","Finance","BRO","Brown & Brown, Inc.",19428142630.75,34.2,19428142630.75,"Large Cap"
"233","Finance","PFG","Principal Financial Group Inc",19405733278.1,11.6,19405733278.1,"Large Cap"
"234","Finance","SBNY","Signature Bank",18862937602.54,23.2,18862937602.54,"Large Cap"
"235","Finance","UDR","UDR, Inc.",18548090906,325.1,18548090906,"Large Cap"
"236","Finance","CINF","Cincinnati Financial Corporation",18226659290.34,7.3,18226659290.34,"Large Cap"
"237","Finance","BXP","Boston Properties, Inc.",17991915362,56.3,17991915362,"Large Cap"
"238","Finance","BEN","Franklin Resources, Inc.",16764975297.59,9.4,16764975297.59,"Large Cap"
"239","Finance","KIM","Kimco Realty Corporation",15194950940,12.9,15194950940,"Large Cap"
"240","Finance","IRM","Iron Mountain Incorporated (Delaware)",15152125840,23.9,15152125840,"Large Cap"
"241","Finance","MKTX","MarketAxess Holdings, Inc.",15090049814.88,56.3,15090049814.88,"Large Cap"
"242","Finance","L","Loews Corporation",14739063355.33,9.4,14739063355.33,"Large Cap"
"243","Finance","WRB","W.R. Berkley Corporation",14353802202.14,14.8,14353802202.14,"Large Cap"
"244","Finance","CBOE","Cboe Global Markets, Inc.",13699355908.47,31.2,13699355908.47,"Large Cap"
"245","Finance","REG","Regency Centers Corporation",12958168561,38.6,12958168561,"Large Cap"
"246","Finance","LNC","Lincoln National Corporation",12597203485.17,9.8,12597203485.17,"Large Cap"
"247","Finance","HST","Host Hotels",12417074116,NA,12417074116,"Large Cap"
"248","Finance","CMA","Comerica Incorporated",11621081976.31,10.7,11621081976.31,"Large Cap"
"249","Finance","IVZ","Invesco Ltd",10741500599.07,9.1,10741500599.07,"Large Cap"
"250","Finance","RE","Everest Re Group, Ltd.",10739477179.23,10.9,10739477179.23,"Large Cap"
"251","Finance","FRT","Federal Realty Investment Trust",10698888028,45.1,10698888028,"Large Cap"
"252","Finance","ZION","Zions Bancorporation N.A.",10051213317.68,8.9,10051213317.68,"Large Cap"
"253","Finance","GL","Globe Life Inc.",9586967761.3,12.7,9586967761.3,"Mid Cap"
"254","Finance","AIZ","Assurant, Inc.",8903750705.71,21.4,8903750705.71,"Mid Cap"
"255","Finance","VNO","Vornado Realty Trust",8018732913,NA,8018732913,"Mid Cap"
"256","Finance","PBCT","People’s",7828576446.35,11.6,7828576446.35,"Mid Cap"
"257","Health Services","UNH","UnitedHealth Group Incorporated",473073063328.87,31.1,473073063328.87,"Large Cap"
"258","Health Services","ANTM","Anthem, Inc.",112828346320.1,20.8,112828346320.1,"Large Cap"
"259","Health Services","HCA","HCA Healthcare, Inc.",79024684051.74,13.1,79024684051.74,"Large Cap"
"260","Health Services","CI","Cigna Corporation",77620391335.22,9.7,77620391335.22,"Large Cap"
"261","Health Services","HUM","Humana Inc.",59826281762.08,22.4,59826281762.08,"Large Cap"
"262","Health Services","IQV","IQVIA Holdings, Inc.",52264590493.24,71.7,52264590493.24,"Large Cap"
"263","Health Services","CNC","Centene Corporation",48226518032.12,66.7,48226518032.12,"Large Cap"
"264","Health Services","LH","Laboratory Corporation of America Holdings",28535824313.66,11.2,28535824313.66,"Large Cap"
"265","Health Services","DGX","Quest Diagnostics Incorporated",20161598494.43,10.4,20161598494.43,"Large Cap"
"266","Health Services","DVA","DaVita Inc.",11762317396.74,13,11762317396.74,"Large Cap"
"267","Health Services","UHS","Universal Health Services, Inc.",10611449237.93,10.4,10611449237.93,"Large Cap"
"268","Health Technology","JNJ","Johnson & Johnson",451595695648.17,25.6,451595695648.17,"Large Cap"
"269","Health Technology","PFE","Pfizer, Inc.",317968894402.91,17.5,317968894402.91,"Large Cap"
"270","Health Technology","LLY","Eli Lilly and Company",259934839379.61,42.2,259934839379.61,"Large Cap"
"271","Health Technology","TMO","Thermo Fisher Scientific Inc",254129494161.63,31,254129494161.63,"Large Cap"
"272","Health Technology","ABT","Abbott Laboratories",245862632311.25,34.8,245862632311.25,"Large Cap"
"273","Health Technology","ABBV","AbbVie Inc.",239406365592.27,32.3,239406365592.27,"Large Cap"
"274","Health Technology","DHR","Danaher Corporation",225634809998.03,41.8,225634809998.03,"Large Cap"
"275","Health Technology","MRK","Merck & Company, Inc.",194169320790.49,27.1,194169320790.49,"Large Cap"
"276","Health Technology","MDT","Medtronic plc.",142657571926.92,29.8,142657571926.92,"Large Cap"
"277","Health Technology","BMY","Bristol-Myers Squibb Company",137351630447.35,NA,137351630447.35,"Large Cap"
"278","Health Technology","ISRG","Intuitive Surgical, Inc.",128509998075.81,77.6,128509998075.81,"Large Cap"
"279","Health Technology","AMGN","Amgen Inc.",127686740568.18,23.2,127686740568.18,"Large Cap"
"280","Health Technology","ZTS","Zoetis Inc.",110725636030.92,58.8,110725636030.92,"Large Cap"
"281","Health Technology","SYK","Stryker Corporation",101258755071.66,53.8,101258755071.66,"Large Cap"
"282","Health Technology","MRNA","Moderna, Inc.",95300908995.23,15.6,95300908995.23,"Large Cap"
"283","Health Technology","GILD","Gilead Sciences, Inc.",91043158455.34,12.4,91043158455.34,"Large Cap"
"284","Health Technology","EW","Edwards Lifesciences Corporation",80127088108.29,55.3,80127088108.29,"Large Cap"
"285","Health Technology","BDX","Becton, Dickinson and Company",72175829346.9,36.7,72175829346.9,"Large Cap"
"286","Health Technology","REGN","Regeneron Pharmaceuticals, Inc.",67456336484.77,10.1,67456336484.77,"Large Cap"
"287","Health Technology","BSX","Boston Scientific Corporation",61445678253.54,58.5,61445678253.54,"Large Cap"
"288","Health Technology","ILMN","Illumina, Inc.",59529982544.74,62.6,59529982544.74,"Large Cap"
"289","Health Technology","VRTX","Vertex Pharmaceuticals Incorporated",56578685305.65,26.4,56578685305.65,"Large Cap"
"290","Health Technology","IDXX","IDEXX Laboratories, Inc.",53505617391.28,75.5,53505617391.28,"Large Cap"
"291","Health Technology","ALGN","Align Technology, Inc.",51100733466.43,70.7,51100733466.43,"Large Cap"
"292","Health Technology","DXCM","DexCom, Inc.",50476023894.59,104.3,50476023894.59,"Large Cap"
"293","Health Technology","A","Agilent Technologies, Inc.",47257087128.61,40.4,47257087128.61,"Large Cap"
"294","Health Technology","BAX","Baxter International Inc.",43495238226.45,36,43495238226.45,"Large Cap"
"295","Health Technology","MTD","Mettler-Toledo International, Inc.",38497752964.35,53.2,38497752964.35,"Large Cap"
"296","Health Technology","RMD","ResMed Inc.",37816614831.84,76.5,37816614831.84,"Large Cap"
"297","Health Technology","BIIB","Biogen Inc.",35862387277.49,23.5,35862387277.49,"Large Cap"
"298","Health Technology","WST","West Pharmaceutical Services, Inc.",33033629227.1,58.1,33033629227.1,"Large Cap"
"299","Health Technology","ZBH","Zimmer Biomet Holdings, Inc.",26976292819.99,32.6,26976292819.99,"Large Cap"
"300","Health Technology","STE","STERIS plc (Ireland)",24262580111.53,86.5,24262580111.53,"Large Cap"
"301","Health Technology","PKI","PerkinElmer, Inc.",24255677244.13,20,24255677244.13,"Large Cap"
"302","Health Technology","WAT","Waters Corporation",22253214095.16,33.4,22253214095.16,"Large Cap"
"303","Health Technology","BIO","Bio-Rad Laboratories, Inc.",22080500623.29,3.4,22080500623.29,"Large Cap"
"304","Health Technology","CTLT","Catalent, Inc.",21311200056.2,40.4,21311200056.2,"Large Cap"
"305","Health Technology","COO","The Cooper Companies, Inc.",20830421362.02,7.1,20830421362.02,"Large Cap"
"306","Health Technology","TECH","Bio-Techne Corp",19167849570.76,119.5,19167849570.76,"Large Cap"
"307","Health Technology","HOLX","Hologic, Inc.",18378840319.26,10.6,18378840319.26,"Large Cap"
"308","Health Technology","VTRS","Viatris Inc.",17185480337.93,NA,17185480337.93,"Large Cap"
"309","Health Technology","ABMD","ABIOMED, Inc.",16664936668.36,110.5,16664936668.36,"Large Cap"
"310","Health Technology","INCY","Incyte Corporation",16339279870.87,30.5,16339279870.87,"Large Cap"
"311","Health Technology","TFX","Teleflex Incorporated",15680409906.64,35.9,15680409906.64,"Large Cap"
"312","Health Technology","XRAY","DENTSPLY SIRONA Inc.",12436553864.61,29.4,12436553864.61,"Large Cap"
"313","Health Technology","OGN","Organon & Co.",7900619244.35,5.1,7900619244.35,"Mid Cap"
"314","Industrial Services","WM","Waste Management, Inc.",68076799530.55,40.4,68076799530.55,"Large Cap"
"315","Industrial Services","SLB","Schlumberger N.V.",44491506201.21,25.7,44491506201.21,"Large Cap"
"316","Industrial Services","RSG","Republic Services, Inc.",42937804249.13,36.8,42937804249.13,"Large Cap"
"317","Industrial Services","KMI","Kinder Morgan, Inc.",37025923392.54,20.7,37025923392.54,"Large Cap"
"318","Industrial Services","WMB","Williams Companies, Inc. (The)",32198290438.82,31.4,32198290438.82,"Large Cap"
"319","Industrial Services","OKE","ONEOK, Inc.",26751740430.85,18.4,26751740430.85,"Large Cap"
"320","Industrial Services","BKR","Baker Hughes Company",25956813924.11,107,25956813924.11,"Large Cap"
"321","Industrial Services","HAL","Halliburton Company",21473837223.66,51.4,21473837223.66,"Large Cap"
"322","Industrial Services","J","Jacobs Engineering Group Inc.",17998656857.26,45.2,17998656857.26,"Large Cap"
"323","Industrial Services","PWR","Quanta Services, Inc.",15998394995.14,30.1,15998394995.14,"Large Cap"
"324","Non-Energy Minerals","FCX","Freeport-McMoRan, Inc.",60895307784.26,15.8,60895307784.26,"Large Cap"
"325","Non-Energy Minerals","NEM","Newmont Corporation",48627605120.03,24.5,48627605120.03,"Large Cap"
"326","Non-Energy Minerals","NUE","Nucor Corporation",32306706862.79,6.8,32306706862.79,"Large Cap"
"327","Non-Energy Minerals","VMC","Vulcan Materials Company (Holding Company)",27589376468.73,42.8,27589376468.73,"Large Cap"
"328","Non-Energy Minerals","MLM","Martin Marietta Materials, Inc.",27386272557.44,37.8,27386272557.44,"Large Cap"
"329","Process Industries","LIN","Linde plc",173571536374.33,50.9,173571536374.33,"Large Cap"
"330","Process Industries","SHW","Sherwin-Williams Company (The)",88915975423.93,48.2,88915975423.93,"Large Cap"
"331","Process Industries","ECL","Ecolab Inc.",65861766535.64,60,65861766535.64,"Large Cap"
"332","Process Industries","APD","Air Products and Chemicals, Inc.",65576451656.86,33.4,65576451656.86,"Large Cap"
"333","Process Industries","DOW","Dow Inc.",42061874160.53,7.4,42061874160.53,"Large Cap"
"334","Process Industries","DD","DuPont de Nemours, Inc.",41790253554.44,7.4,41790253554.44,"Large Cap"
"335","Process Industries","PPG","PPG Industries, Inc.",40500587911.7,29,40500587911.7,"Large Cap"
"336","Process Industries","ADM","Archer-Daniels-Midland Company",37980462581.85,14.6,37980462581.85,"Large Cap"
"337","Process Industries","CTVA","Corteva, Inc.",34185831057.45,21.5,34185831057.45,"Large Cap"
"338","Process Industries","LYB","LyondellBasell Industries NV",31002152564.33,5.4,31002152564.33,"Large Cap"
"339","Process Industries","BLL","Ball Corporation",30206371624.37,39.7,30206371624.37,"Large Cap"
"340","Process Industries","ALB","Albemarle Corporation",27684785772.45,123.7,27684785772.45,"Large Cap"
"341","Process Industries","CE","Celanese Corporation Celanese Corporation",18234778336.62,6.8,18234778336.62,"Large Cap"
"342","Process Industries","AMCR","Amcor plc",18214045967.18,19.8,18214045967.18,"Large Cap"
"343","Process Industries","IP","International Paper Company",18120042755.63,10.3,18120042755.63,"Large Cap"
"344","Process Industries","AVY","Avery Dennison Corporation",17454137997.62,24.3,17454137997.62,"Large Cap"
"345","Process Industries","EMN","Eastman Chemical Company",16083090836.11,32.6,16083090836.11,"Large Cap"
"346","Process Industries","MOS","Mosaic Company (The)",15230184094.34,8.4,15230184094.34,"Large Cap"
"347","Process Industries","CF","CF Industries Holdings, Inc.",15139820579.37,51.3,15139820579.37,"Large Cap"
"348","Process Industries","FMC","FMC Corporation",13961677136.61,24.1,13961677136.61,"Large Cap"
"349","Process Industries","PKG","Packaging Corporation of America",12786706765.18,17.4,12786706765.18,"Large Cap"
"350","Process Industries","WRK","Westrock Company",11642556108.74,14.2,11642556108.74,"Large Cap"
"351","Process Industries","SEE","Sealed Air Corporation",9862793229.87,22.6,9862793229.87,"Mid Cap"
"352","Producer Manufacturing","HON","Honeywell International Inc.",142365867197.1,26.8,142365867197.1,"Large Cap"
"353","Producer Manufacturing","AMAT","Applied Materials, Inc.",142099923764.55,24.5,142099923764.55,"Large Cap"
"354","Producer Manufacturing","CAT","Caterpillar, Inc.",111974924605.84,22.1,111974924605.84,"Large Cap"
"355","Producer Manufacturing","DE","Deere & Company",107626370058.26,18.1,107626370058.26,"Large Cap"
"356","Producer Manufacturing","GE","General Electric Company",105684714422.5,21.5,105684714422.5,"Large Cap"
"357","Producer Manufacturing","MMM","3M Company",102423176841.58,17.4,102423176841.58,"Large Cap"
"358","Producer Manufacturing","ITW","Illinois Tool Works Inc.",76423675433.58,28.7,76423675433.58,"Large Cap"
"359","Producer Manufacturing","ETN","Eaton Corporation, PLC",67227879878.34,33.5,67227879878.34,"Large Cap"
"360","Producer Manufacturing","JCI","Johnson Controls International plc",55888774060.43,35.8,55888774060.43,"Large Cap"
"361","Producer Manufacturing","EMR","Emerson Electric Company",54588026957.01,24.3,54588026957.01,"Large Cap"
"362","Producer Manufacturing","TT","Trane Technologies plc",46284703089.83,36.4,46284703089.83,"Large Cap"
"363","Producer Manufacturing","CARR","Carrier Global Corporation",45513043557.06,21.7,45513043557.06,"Large Cap"
"364","Producer Manufacturing","APTV","Aptiv PLC",44913460112.6,56.2,44913460112.6,"Large Cap"
"365","Producer Manufacturing","PH","Parker-Hannifin Corporation",40610724718.52,22.3,40610724718.52,"Large Cap"
"366","Producer Manufacturing","ROK","Rockwell Automation, Inc.",39405064542.98,30.1,39405064542.98,"Large Cap"
"367","Producer Manufacturing","OTIS","Otis Worldwide Corporation",36347481656.34,31,36347481656.34,"Large Cap"
"368","Producer Manufacturing","AME","AMETEK, Inc.",33234484908.24,36.8,33234484908.24,"Large Cap"
"369","Producer Manufacturing","CMI","Cummins Inc.",31399780865.12,14.3,31399780865.12,"Large Cap"
"370","Producer Manufacturing","PCAR","PACCAR Inc.",30718248878.42,17.6,30718248878.42,"Large Cap"
"371","Producer Manufacturing","DOV","Dover Corporation",25676783436.79,28,25676783436.79,"Large Cap"
"372","Producer Manufacturing","IR","Ingersoll Rand Inc.",24304270784.2,39.6,24304270784.2,"Large Cap"
"373","Producer Manufacturing","GNRC","Generac Holdlings Inc.",21949633500.81,42.8,21949633500.81,"Large Cap"
"374","Producer Manufacturing","XYL","Xylem Inc.",21078220676.37,47.1,21078220676.37,"Large Cap"
"375","Producer Manufacturing","IEX","IDEX Corporation",17539705926.73,41.8,17539705926.73,"Large Cap"
"376","Producer Manufacturing","WAB","Westinghouse Air Brake Technologies Corporation",17442596063.74,38.2,17442596063.74,"Large Cap"
"377","Producer Manufacturing","MAS","Masco Corporation",16944554120.49,38.4,16944554120.49,"Large Cap"
"378","Producer Manufacturing","SEDG","SolarEdge Technologies, Inc.",14834138756.82,105.9,14834138756.82,"Large Cap"
"379","Producer Manufacturing","FBHS","Fortune Brands Home & Security, Inc.",14207314039.49,19.7,14207314039.49,"Large Cap"
"380","Producer Manufacturing","AOS","A.O. Smith Corporation",13301176625.94,29.7,13301176625.94,"Large Cap"
"381","Producer Manufacturing","PNR","Pentair plc.",11747299046.21,24.1,11747299046.21,"Large Cap"
"382","Producer Manufacturing","ALLE","Allegion plc",11603056898.51,26,11603056898.51,"Large Cap"
"383","Producer Manufacturing","BWA","BorgWarner Inc.",10832866628.28,14.1,10832866628.28,"Large Cap"
"384","Producer Manufacturing","NWL","Newell Brands Inc.",9405593931.16,15.5,9405593931.16,"Mid Cap"
"385","Retail Trade","AMZN","Amazon.com, Inc.",1728404755739.39,65.2,1728404755739.39,"Large Cap"
"386","Retail Trade","HD","Home Depot, Inc. (The)",426717890470.8,27.8,426717890470.8,"Large Cap"
"387","Retail Trade","WMT","Walmart Inc.",401241519929.41,50.7,401241519929.41,"Large Cap"
"388","Retail Trade","COST","Costco Wholesale Corporation",251297634711.39,48.8,251297634711.39,"Large Cap"
"389","Retail Trade","LOW","Lowe’s Companies, Inc.",172149152442.57,22.4,172149152442.57,"Large Cap"
"390","Retail Trade","CVS","CVS Health Corporation",137497308005.61,18,137497308005.61,"Large Cap"
"391","Retail Trade","TGT","Target Corporation",111132790094.27,17,111132790094.27,"Large Cap"
"392","Retail Trade","TJX","TJX Companies, Inc. (The)",90121962304,34.7,90121962304,"Large Cap"
"393","Retail Trade","DG","Dollar General Corporation",54562246382.35,23.1,54562246382.35,"Large Cap"
"394","Retail Trade","ORLY","O’Reilly Automotive, Inc.",46891318975.79,24.5,46891318975.79,"Large Cap"
"395","Retail Trade","WBA","Walgreens Boots Alliance, Inc.",45840915477.45,17.8,45840915477.45,"Large Cap"
"396","Retail Trade","AZO","AutoZone, Inc.",42199606621.88,20.4,42199606621.88,"Large Cap"
"397","Retail Trade","EBAY","eBay Inc.",41817048705.94,3.7,41817048705.94,"Large Cap"
"398","Retail Trade","ROST","Ross Stores, Inc.",39982793226.7,25.4,39982793226.7,"Large Cap"
"399","Retail Trade","KR","Kroger Company (The)",33226197262.11,34,33226197262.11,"Large Cap"
"400","Retail Trade","DLTR","Dollar Tree, Inc.",31757049359.91,23.7,31757049359.91,"Large Cap"
"401","Retail Trade","TSCO","Tractor Supply Company",26828453279.28,30.4,26828453279.28,"Large Cap"
"402","Retail Trade","ETSY","Etsy, Inc.",26615080799.4,64.6,26615080799.4,"Large Cap"
"403","Retail Trade","BBY","Best Buy Co., Inc.",24566078516.99,9.8,24566078516.99,"Large Cap"
"404","Retail Trade","ULTA","Ulta Beauty, Inc.",22364077895.4,26.4,22364077895.4,"Large Cap"
"405","Retail Trade","KMX","CarMax Inc",20559351596.02,18,20559351596.02,"Large Cap"
"406","Retail Trade","BBWI","Bath & Body Works, Inc.",17942670685.17,12.3,17942670685.17,"Large Cap"
"407","Retail Trade","AAP","Advance Auto Parts Inc.",14764458641.51,24.3,14764458641.51,"Large Cap"
"408","Retail Trade","TPR","Tapestry, Inc.",11406394571.8,13.9,11406394571.8,"Large Cap"
"409","Retail Trade","RL","Ralph Lauren Corporation",8904036573.68,22.2,8904036573.68,"Mid Cap"
"410","Retail Trade","GPS","Gap, Inc. (The)",6870619822.41,13.5,6870619822.41,"Mid Cap"
"411","Technology Services","MSFT","Microsoft Corporation",2513296516647.36,37.6,2513296516647.36,"Large Cap"
"412","Technology Services","GOOG","Alphabet Inc.",1927101773229.48,27.9,1927101773229.48,"Large Cap"
"413","Technology Services","GOOGL","Alphabet Inc.",1923705624039.54,27.9,1923705624039.54,"Large Cap"
"414","Technology Services","FB","Meta Platforms, Inc.",941736878229.62,24,941736878229.62,"Large Cap"
"415","Technology Services","ACN","Accenture plc",268079676800.94,43.1,268079676800.94,"Large Cap"
"416","Technology Services","CSCO","Cisco Systems, Inc.",266384018596.41,23.6,266384018596.41,"Large Cap"
"417","Technology Services","NFLX","Netflix, Inc.",264606344214.6,54.3,264606344214.6,"Large Cap"
"418","Technology Services","CRM","Salesforce.com Inc",251628104835.17,140.1,251628104835.17,"Large Cap"
"419","Technology Services","ORCL","Oracle Corporation",234732290724.48,25.3,234732290724.48,"Large Cap"
"420","Technology Services","PYPL","PayPal Holdings, Inc.",229040890690.52,45.4,229040890690.52,"Large Cap"
"421","Technology Services","INTU","Intuit Inc.",178812338875.59,84.9,178812338875.59,"Large Cap"
"422","Technology Services","NOW","ServiceNow, Inc.",125397857170.19,596.1,125397857170.19,"Large Cap"
"423","Technology Services","IBM","International Business Machines Corporation",122000723501,25.3,122000723501,"Large Cap"
"424","Technology Services","ADP","Automatic Data Processing, Inc.",102821918705.62,39,102821918705.62,"Large Cap"
"425","Technology Services","FISV","Fiserv, Inc.",71054161319.96,53.9,71054161319.96,"Large Cap"
"426","Technology Services","FIS","Fidelity National Information Services, Inc.",69345768715.77,299,69345768715.77,"Large Cap"
"427","Technology Services","ADSK","Autodesk, Inc.",62410859034.38,47.4,62410859034.38,"Large Cap"
"428","Technology Services","SNPS","Synopsys, Inc.",55406584297.66,76.5,55406584297.66,"Large Cap"
"429","Technology Services","INFO","IHS Markit Ltd.",51813481614.95,85.8,51813481614.95,"Large Cap"
"430","Technology Services","CDNS","Cadence Design Systems, Inc.",50761145613.08,75.1,50761145613.08,"Large Cap"
"431","Technology Services","ROP","Roper Technologies, Inc.",50102162138.95,46.7,50102162138.95,"Large Cap"
"432","Technology Services","MSCI","MSCI Inc",49103610950.88,74.3,49103610950.88,"Large Cap"
"433","Technology Services","PAYX","Paychex, Inc.",48525422526.83,38.7,48525422526.83,"Large Cap"
"434","Technology Services","CTSH","Cognizant Technology Solutions Corporation",47046801687.66,25,47046801687.66,"Large Cap"
"435","Technology Services","GPN","Global Payments Inc.",41114394610.87,42.6,41114394610.87,"Large Cap"
"436","Technology Services","MTCH","Match Group, Inc.",37998543462.75,68.2,37998543462.75,"Large Cap"
"437","Technology Services","EPAM","EPAM Systems, Inc.",36425301272.52,92.7,36425301272.52,"Large Cap"
"438","Technology Services","VRSK","Verisk Analytics, Inc.",35723030148.22,53.5,35723030148.22,"Large Cap"
"439","Technology Services","ANSS","ANSYS, Inc.",34507669793.98,75.5,34507669793.98,"Large Cap"
"440","Technology Services","TWTR","Twitter, Inc.",34111357730.92,NA,34111357730.92,"Large Cap"
"441","Technology Services","VRSN","VeriSign, Inc.",28003985762.87,46.8,28003985762.87,"Large Cap"
"442","Technology Services","CDW","CDW Corporation",27824579797.49,28.8,27824579797.49,"Large Cap"
"443","Technology Services","CERN","Cerner Corporation",27128852907.28,54.2,27128852907.28,"Large Cap"
"444","Technology Services","IT","Gartner, Inc.",26477670965.06,41.5,26477670965.06,"Large Cap"
"445","Technology Services","PAYC","Paycom Software, Inc.",24306856376.11,140.9,24306856376.11,"Large Cap"
"446","Technology Services","TYL","Tyler Technologies, Inc.",21465450854.66,140.8,21465450854.66,"Large Cap"
"447","Technology Services","BR","Broadridge Financial Solutions, Inc.",21094802900.38,39.3,21094802900.38,"Large Cap"
"448","Technology Services","AKAM","Akamai Technologies, Inc.",19093015481.73,32.2,19093015481.73,"Large Cap"
"449","Technology Services","FDS","FactSet Research Systems Inc.",17918395230.48,46.1,17918395230.48,"Large Cap"
"450","Technology Services","CDAY","Ceridian HCM Holding Inc.",15880704758.48,NA,15880704758.48,"Large Cap"
"451","Technology Services","NLOK","NortonLifeLock Inc.",15317609009.13,17.3,15317609009.13,"Large Cap"
"452","Technology Services","PTC","PTC Inc.",14495886748.24,30.1,14495886748.24,"Large Cap"
"453","Technology Services","JKHY","Jack Henry & Associates, Inc.",12698037214.27,38.8,12698037214.27,"Large Cap"
"454","Technology Services","LDOS","Leidos Holdings, Inc.",12667030441.71,16.4,12667030441.71,"Large Cap"
"455","Technology Services","CTXS","Citrix Systems, Inc.",12255269468.7,37.6,12255269468.7,"Large Cap"
"456","Technology Services","JNPR","Juniper Networks, Inc.",11498404173.28,78.8,11498404173.28,"Large Cap"
"457","Technology Services","DXC","DXC Technology Company",8381895474.72,21.7,8381895474.72,"Mid Cap"
"458","Transportation","UPS","United Parcel Service, Inc.",185561852286.17,28.9,185561852286.17,"Large Cap"
"459","Transportation","UNP","Union Pacific Corporation",159285300468.78,27,159285300468.78,"Large Cap"
"460","Transportation","CSX","CSX Corporation",82242821076.62,23.7,82242821076.62,"Large Cap"
"461","Transportation","FDX","FedEx Corporation",68507824108.96,14.2,68507824108.96,"Large Cap"
"462","Transportation","ODFL","Old Dominion Freight Line, Inc.",39836419299.29,44.3,39836419299.29,"Large Cap"
"463","Transportation","LUV","Southwest Airlines Company",26044476654.81,NA,26044476654.81,"Large Cap"
"464","Transportation","DAL","Delta Air Lines, Inc.",25786156965.95,NA,25786156965.95,"Large Cap"
"465","Transportation","EXPD","Expeditors International of Washington, Inc.",22156325014.15,19.8,22156325014.15,"Large Cap"
"466","Transportation","JBHT","J.B. Hunt Transport Services, Inc.",21196003555.63,32.4,21196003555.63,"Large Cap"
"467","Transportation","UAL","United Airlines Holdings, Inc.",14729958118.29,NA,14729958118.29,"Large Cap"
"468","Transportation","CHRW","C.H. Robinson Worldwide, Inc.",14025646282.57,19.1,14025646282.57,"Large Cap"
"469","Transportation","AAL","American Airlines Group, Inc.",12140896750.77,NA,12140896750.77,"Large Cap"
"470","Transportation","ALK","Alaska Air Group, Inc.",6775547671.6,387.9,6775547671.6,"Mid Cap"
"471","Utilities","NEE","NextEra Energy, Inc.",179849486383.75,77.9,179849486383.75,"Large Cap"
"472","Utilities","DUK","Duke Energy Corporation (Holding Company)",79606468544.55,27,79606468544.55,"Large Cap"
"473","Utilities","SO","Southern Company (The)",72180165421.04,24.5,72180165421.04,"Large Cap"
"474","Utilities","D","Dominion Energy, Inc.",63463498027.29,24.8,63463498027.29,"Large Cap"
"475","Utilities","EXC","Exelon Corporation",55832595797.67,33.8,55832595797.67,"Large Cap"
"476","Utilities","AEP","American Electric Power Company, Inc.",44628575300.46,18.7,44628575300.46,"Large Cap"
"477","Utilities","SRE","DBA Sempra",42149351402.47,36,42149351402.47,"Large Cap"
"478","Utilities","XEL","Xcel Energy Inc.",36597614341.08,23.2,36597614341.08,"Large Cap"
"479","Utilities","PEG","Public Service Enterprise Group Incorporated",33454711829.61,NA,33454711829.61,"Large Cap"
"480","Utilities","AWK","American Water Works Company, Inc.",33428361438.08,45,33428361438.08,"Large Cap"
"481","Utilities","ES","Eversource Energy (D/B/A)",30643413568.73,26.4,30643413568.73,"Large Cap"
"482","Utilities","WEC","WEC Energy Group, Inc.",30310104833.97,23.3,30310104833.97,"Large Cap"
"483","Utilities","ED","Consolidated Edison, Inc.",30114630875.97,25.5,30114630875.97,"Large Cap"
"484","Utilities","EIX","Edison International",25647606913.52,34,25647606913.52,"Large Cap"
"485","Utilities","DTE","DTE Energy Company",23088417366.79,26.5,23088417366.79,"Large Cap"
"486","Utilities","AEE","Ameren Corporation",22818757847.84,23.3,22818757847.84,"Large Cap"
"487","Utilities","PPL","PPL Corporation",22626576261.44,81.2,22626576261.44,"Large Cap"
"488","Utilities","FE","FirstEnergy Corp.",22451865075.45,22.2,22451865075.45,"Large Cap"
"489","Utilities","ETR","Entergy Corporation",22389316312.69,18.2,22389316312.69,"Large Cap"
"490","Utilities","CMS","CMS Energy Corporation",18746318837.56,21.6,18746318837.56,"Large Cap"
"491","Utilities","CNP","CenterPoint Energy, Inc (Holding Co)",17369271164.43,18.4,17369271164.43,"Large Cap"
"492","Utilities","AES","The AES Corporation",16254482083.82,31.5,16254482083.82,"Large Cap"
"493","Utilities","EVRG","Evergy, Inc.",15629272434.34,17.9,15629272434.34,"Large Cap"
"494","Utilities","LNT","Alliant Energy Corporation",15234453693.06,24.3,15234453693.06,"Large Cap"
"495","Utilities","ATO","Atmos Energy Corporation",13935375830.35,20.3,13935375830.35,"Large Cap"
"496","Utilities","NI","NiSource Inc",10807233070.89,24.6,10807233070.89,"Large Cap"
"497","Utilities","NRG","NRG Energy, Inc.",10518269004.32,4.3,10518269004.32,"Large Cap"
"498","Utilities","PNW","Pinnacle West Capital Corporation",7873624839.97,14,7873624839.97,"Mid Cap"
